﻿Instellingsnummer;Vestigingsplaats;Roepnaam;Vestigingsnummer;Postcode;Gemeente;Straat;Huisnummer;Website;E-mail;Telefoon;Info;EducationNet;Aangemaakt Op;Aangepast Op;Capaciteitsniveau;Capaciteit;Vpl Totaal;Zittende leerlingen;Ingeschreven na voorafgaande periode;Ingeschreven buiten aanmeldsysteem
36517;Sint-Franciscus Evergem;Sint-Franciscus Evergem;1;9940;Evergem;Schepenhuisstraat;4;sfevergem.be;inschrijvingen@sfevergem.be;92537176;leerlingensecretariaat@sfevergem.be;Vrij gesubsidieerd onderwijs;"""2025-03-17T11:37:19.319661Z""";"""2025-03-20T08:50:48.146115Z""";1A;156;156;0;0;0
36715;Hoger Technisch Instituut Sint-Antonius;Hoger Technisch Instituut Sint-Antonius;1;9000;Gent;Holstraat;66;;;;;Vrij gesubsidieerd onderwijs;"""2025-02-25T09:58:19.157874Z""";"""2025-03-20T08:50:48.146105Z""";1A;14;14;0;0;0
36715;Hoger Technisch Instituut Sint-Antonius;Hoger Technisch Instituut Sint-Antonius;1;9000;Gent;Holstraat;66;;;;;Vrij gesubsidieerd onderwijs;"""2025-02-25T09:58:19.157874Z""";"""2025-03-20T08:50:48.146105Z""";1B;24;24;0;0;0
36764;Hotelschool Gent;Hotelschool Gent;1;9000;Gent;Tweebruggenstraat;59;www.hotelschoolgent.be;hotelschool@onderwijs.gent.be;09 323 57 50;Secundaire school voor leerlingen van het 1ste middelbaar tot en met het 7de middelaar in afdelingen Horeca en Bakkerij. Hotelschool Gent staat voor innovatief, creatief en ondernemend culinair onderwijs. Hotelschool Gent is één van de grootste en bekendste hotelscholen van België.;Officieel gesubsidieerd onderwijs;"""2025-02-26T07:24:08.307291Z""";"""2025-03-20T08:50:48.146106Z""";1A;24;24;0;0;0
36764;Hotelschool Gent;Hotelschool Gent;1;9000;Gent;Tweebruggenstraat;59;www.hotelschoolgent.be;hotelschool@onderwijs.gent.be;09 323 57 50;Secundaire school voor leerlingen van het 1ste middelbaar tot en met het 7de middelaar in afdelingen Horeca en Bakkerij. Hotelschool Gent staat voor innovatief, creatief en ondernemend culinair onderwijs. Hotelschool Gent is één van de grootste en bekendste hotelscholen van België.;Officieel gesubsidieerd onderwijs;"""2025-02-26T07:24:08.307291Z""";"""2025-03-20T08:50:48.146106Z""";1B;42;42;0;0;0
36913;Sint-Lievenscollege Business;Sint-Lievenscollege Business;4;9000;Gent;Gildestraat;17;www.slcb.be;business@sintlievenscollege.be;92257750;;Vrij gesubsidieerd onderwijs;"""2025-03-14T14:16:28.438101Z""";"""2025-03-20T08:50:48.146114Z""";1A;40;40;0;0;0
36939;Vrij Instituut voor Sec. Onderwijs -Gent;VISO Mariakerke;1;9030;Mariakerke;Industrieweg;230;https://viso.be/;info@viso.be;09 216 36 36;;Vrij gesubsidieerd onderwijs;"""2025-03-14T15:22:18.594366Z""";"""2025-03-20T08:50:48.146114Z""";1A;44;37;7;0;0
36939;Vrij Instituut voor Sec. Onderwijs -Gent;VISO Mariakerke;1;9030;Mariakerke;Industrieweg;230;https://viso.be/;info@viso.be;09 216 36 36;;Vrij gesubsidieerd onderwijs;"""2025-03-14T15:22:18.594366Z""";"""2025-03-20T08:50:48.146114Z""";1B;22;18;4;0;0
36939;Vrij Instituut voor Sec. Onderwijs -Gent;VISO-Gent;4;9000;Gent;Jan-Baptist Guinardstraat;23;https://viso.be/;infogent@viso.be;09 223 04 68;;Vrij gesubsidieerd onderwijs;"""2025-03-14T15:22:18.594366Z""";"""2025-03-20T08:50:48.146114Z""";1A;32;20;12;0;0
36939;Vrij Instituut voor Sec. Onderwijs -Gent;VISO-Gent;4;9000;Gent;Jan-Baptist Guinardstraat;23;https://viso.be/;infogent@viso.be;09 223 04 68;;Vrij gesubsidieerd onderwijs;"""2025-03-14T15:22:18.594366Z""";"""2025-03-20T08:50:48.146114Z""";1B;24;7;17;0;0
36962;Sint-Barbaracollege;Sint-Barbaracollege;1;9000;Gent;Savaanstraat;33;;;;;Vrij gesubsidieerd onderwijs;"""2025-02-26T14:30:57.701418Z""";"""2025-03-20T08:50:48.146106Z""";1A;165;165;0;0;0
37028;Humaniora Nieuwen Bosch;Humaniora Nieuwen Bosch;1;9000;Gent;Lange Violettestraat;65;;;;;Vrij gesubsidieerd onderwijs;"""2025-03-17T15:25:06.231856Z""";"""2025-03-20T08:50:48.146115Z""";1A;70;70;0;0;0
37069;Instituut vr Verpleegk. Sint-Vincentius;IVV Sint-Vincentius;1;9000;Gent;Molenaarsstraat;30;;;;;Vrij gesubsidieerd onderwijs;"""2025-03-11T11:24:32.370416Z""";"""2025-03-20T08:50:48.146111Z""";1A;48;48;0;0;0
37069;Instituut vr Verpleegk. Sint-Vincentius;IVV Sint-Vincentius;1;9000;Gent;Molenaarsstraat;30;;;;;Vrij gesubsidieerd onderwijs;"""2025-03-11T11:24:32.370416Z""";"""2025-03-20T08:50:48.146111Z""";1B;33;33;0;0;0
37581;Visitatie;Visitatie;1;9030;Mariakerke;Zandloperstraat;8;www.visitatie.be;info@visitatie.be;3292267683;;Vrij gesubsidieerd onderwijs;"""2025-03-10T15:36:35.459496Z""";"""2025-03-20T08:50:48.146110Z""";1A;54;54;0;0;0
37581;Visitatie;Visitatie;1;9030;Mariakerke;Zandloperstraat;8;www.visitatie.be;info@visitatie.be;3292267683;;Vrij gesubsidieerd onderwijs;"""2025-03-10T15:36:35.459496Z""";"""2025-03-20T08:50:48.146110Z""";1B;26;26;0;0;0
37606;College der Paters Jozefieten;College der Paters Jozefieten;1;9090;Melle;Brusselsesteenweg;459;collegemelle.be;info@collegemelle.be;09 252 11 09;;Vrij gesubsidieerd onderwijs;"""2025-02-25T16:21:18.054630Z""";"""2025-03-20T08:50:48.146106Z""";1A;150;100;0;0;50
37614;Sint-Franciscusinstituut;SFI Melle;1;9090;Melle;Tuinstraat;105;www.sfimelle.be;contact@sfimelle.be;92307911;;Vrij gesubsidieerd onderwijs;"""2025-03-15T14:58:39.439642Z""";"""2025-03-20T08:50:48.146115Z""";1A;165;165;0;0;0
37614;Sint-Franciscusinstituut;SFI Melle;1;9090;Melle;Tuinstraat;105;www.sfimelle.be;contact@sfimelle.be;92307911;;Vrij gesubsidieerd onderwijs;"""2025-03-15T14:58:39.439642Z""";"""2025-03-20T08:50:48.146115Z""";1B;12;12;0;0;0
37655;GO! atheneum Merelbeke;GO! atheneum Merelbeke;1;9820;Merelbeke;Potaardeberg;59;;;;;Gemeenschapsonderwijs;"""2025-03-19T08:49:53.638891Z""";"""2025-03-20T08:50:48.146116Z""";1A;96;96;0;0;0
37655;GO! atheneum Merelbeke;GO! atheneum Merelbeke;1;9820;Merelbeke;Potaardeberg;59;;;;;Gemeenschapsonderwijs;"""2025-03-19T08:49:53.638891Z""";"""2025-03-20T08:50:48.146116Z""";1B;40;40;0;0;0
37655;GO! atheneum Merelbeke;GO! atheneum Merelbeke;2;9820;Merelbeke;Gaversesteenweg;195;;;;;Gemeenschapsonderwijs;"""2025-03-19T08:49:53.638892Z""";"""2025-03-20T08:50:48.146116Z""";1A;96;96;0;0;0
37655;GO! atheneum Merelbeke;GO! atheneum Merelbeke;2;9820;Merelbeke;Gaversesteenweg;195;;;;;Gemeenschapsonderwijs;"""2025-03-19T08:49:53.638892Z""";"""2025-03-20T08:50:48.146116Z""";1B;40;40;0;0;0
38083;Don Bosco Technisch Instituut;Don Bosco Sint-Denijs-Westrem;1;9051;Sint-Denijs-Westrem;Kortrijksesteenweg;1025;https://www.donboscosdw.be/;info@donboscosdw.be;09 221 31 11;;Vrij gesubsidieerd onderwijs;"""2025-03-17T12:09:54.219302Z""";"""2025-03-20T08:50:48.146115Z""";1A;60;60;0;0;0
38083;Don Bosco Technisch Instituut;Don Bosco Sint-Denijs-Westrem;1;9051;Sint-Denijs-Westrem;Kortrijksesteenweg;1025;https://www.donboscosdw.be/;info@donboscosdw.be;09 221 31 11;;Vrij gesubsidieerd onderwijs;"""2025-03-17T12:09:54.219302Z""";"""2025-03-20T08:50:48.146115Z""";1B;44;44;0;0;0
43216;Einstein Atheneum,ASO Talen,Wet.& Kunst;Einstein Atheneum,ASO Talen,Wet.& Kunst;1;9940;Evergem;Hofbilkstraat;21;;;;;Gemeenschapsonderwijs;"""2025-03-14T11:23:35.828846Z""";"""2025-03-20T08:50:48.146112Z""";1A;110;110;0;0;0
43216;Einstein Atheneum,ASO Talen,Wet.& Kunst;Einstein Atheneum,ASO Talen,Wet.& Kunst;3;9041;Oostakker;Wolfputstraat;38;;;;;Gemeenschapsonderwijs;"""2025-03-14T11:23:35.828846Z""";"""2025-03-20T08:50:48.146112Z""";1A;50;50;0;0;0
43307;Tectura Gent-centrum;Tectura Gent-centrum;1;9000;Gent;Coupure Rechts;312;;;;;Gemeenschapsonderwijs;"""2025-02-27T15:55:16.368411Z""";"""2025-03-20T08:50:48.146108Z""";1A;16;16;0;0;0
43307;Tectura Gent-centrum;Tectura Gent-centrum;1;9000;Gent;Coupure Rechts;312;;;;;Gemeenschapsonderwijs;"""2025-02-27T15:55:16.368411Z""";"""2025-03-20T08:50:48.146108Z""";1B;40;40;0;0;0
43356;GO! Middenschool Lyceum Gent;GO! Dalton Gent;2;9000;Gent;Barrestraat;6;https://dalton.gent;info@daltongent.be;92201070;GO! Dalton Gent - secundair onderwijs;Gemeenschapsonderwijs;"""2025-02-25T11:28:13.591507Z""";"""2025-03-20T08:50:48.146106Z""";1A;132;132;0;0;0
43356;GO! Middenschool Lyceum Gent;GO! Dalton Gent;2;9000;Gent;Barrestraat;6;https://dalton.gent;info@daltongent.be;92201070;GO! Dalton Gent - secundair onderwijs;Gemeenschapsonderwijs;"""2025-02-25T11:28:13.591507Z""";"""2025-03-20T08:50:48.146106Z""";1B;12;12;0;0;0
43554;GO! atheneum Mariakerke;GO! atheneum Mariakerke;1;9030;Mariakerke;Amand Casier de ter Bekenlaan;26;www.atheneummariakerke.be;info@athmariakerke.be;;;Gemeenschapsonderwijs;"""2025-03-10T09:39:25.217569Z""";"""2025-03-20T08:50:48.146109Z""";1A;165;165;0;0;0
43562;Tectura Tuinbouwschool Melle;Tectura Tuinbouwschool Melle;1;9090;Melle;Brusselsesteenweg;165;;;;;Gemeenschapsonderwijs;"""2025-02-27T15:09:03.699111Z""";"""2025-03-20T08:50:48.146108Z""";1A;40;39;1;0;0
43562;Tectura Tuinbouwschool Melle;Tectura Tuinbouwschool Melle;1;9090;Melle;Brusselsesteenweg;165;;;;;Gemeenschapsonderwijs;"""2025-02-27T15:09:03.699111Z""";"""2025-03-20T08:50:48.146108Z""";1B;20;20;0;0;0
43885;middenschool GO! Erasmus;middenschool GO! Erasmus;1;9060;Zelzate;Onteigeningsstraat;41_D;;;;;Gemeenschapsonderwijs;"""2025-03-14T15:19:54.095148Z""";"""2025-03-20T08:50:48.146114Z""";1A;100;100;0;0;0
43885;middenschool GO! Erasmus;middenschool GO! Erasmus;1;9060;Zelzate;Onteigeningsstraat;41_D;;;;;Gemeenschapsonderwijs;"""2025-03-14T15:19:54.095148Z""";"""2025-03-20T08:50:48.146114Z""";1B;40;40;0;0;0
44669;GO! middenschool Voskenslaan;GO! middenschool Voskenslaan;1;9000;Gent;Voskenslaan;60;;;;;Gemeenschapsonderwijs;"""2025-02-25T13:27:56.774755Z""";"""2025-03-20T08:50:48.146106Z""";1A;290;290;0;0;0
46862;Richtpunt campus Gent Abdisstraat;Richtpunt Gent;1;9000;Gent;Abdisstraat;56;https://richtpunt.be/aanmelden-in-gent/;;09 267 12 60 - 09 267 12 10;;Officieel gesubsidieerd onderwijs;"""2025-03-08T10:32:56.103440Z""";"""2025-03-20T08:50:48.146109Z""";1A;36;36;0;0;0
46862;Richtpunt campus Gent Abdisstraat;Richtpunt Gent;1;9000;Gent;Abdisstraat;56;https://richtpunt.be/aanmelden-in-gent/;;09 267 12 60 - 09 267 12 10;;Officieel gesubsidieerd onderwijs;"""2025-03-08T10:32:56.103440Z""";"""2025-03-20T08:50:48.146109Z""";1B;72;72;0;0;0
46871;IVG-School;IVG-School;1;9000;Gent;Nederkouter;112;;;;;Vrij gesubsidieerd onderwijs;"""2025-03-13T11:56:18.782416Z""";"""2025-03-20T08:50:48.146111Z""";1A;74;74;0;0;0
47316;Middelbare Steinerschool Vlaanderen;Steinerschool Gent;1;9000;Gent;Kasteellaan;54;;;;;Vrij gesubsidieerd onderwijs;"""2025-03-14T14:12:34.622567Z""";"""2025-03-20T08:50:48.146113Z""";1A;78;78;0;0;0
105395;Onze-Lieve-Vrouwe-Instituut;Onze-Lieve-Vrouwe-Instituut;1;9000;Gent;Tweebruggenstraat;55;;;;;Vrij gesubsidieerd onderwijs;"""2025-03-17T15:39:43.999395Z""";"""2025-03-20T08:50:48.146115Z""";1B;45;45;0;0;0
105486;Sint-Laurens secundair onderwijs 2;Sint-Laurens Secundair Onderwijs;3;9185;Wachtebeke;Wachtebeke-Dorp;21;;;;;Vrij gesubsidieerd onderwijs;"""2025-02-27T10:59:21.028668Z""";"""2025-03-20T08:50:48.146107Z""";1A;100;100;0;0;0
105486;Sint-Laurens secundair onderwijs 2;Sint-Laurens Secundair Onderwijs;3;9185;Wachtebeke;Wachtebeke-Dorp;21;;;;;Vrij gesubsidieerd onderwijs;"""2025-02-27T10:59:21.028668Z""";"""2025-03-20T08:50:48.146107Z""";1B;24;24;0;0;0
105494;Sint-Laurens secundair onderwijs 1;Sint-Laurens Secundair Onderwijs;2;9060;Zelzate;Kerkstraat;64;;;;;Vrij gesubsidieerd onderwijs;"""2025-02-27T10:59:21.028669Z""";"""2025-03-20T08:50:48.146107Z""";1A;150;150;0;0;0
105494;Sint-Laurens secundair onderwijs 1;Sint-Laurens Secundair Onderwijs;2;9060;Zelzate;Kerkstraat;64;;;;;Vrij gesubsidieerd onderwijs;"""2025-02-27T10:59:21.028669Z""";"""2025-03-20T08:50:48.146107Z""";1B;60;60;0;0;0
112102;Atheneum Wispelberg;Atheneum Wispelberg;1;9000;Gent;Wispelbergstraat;2;;;;;Officieel gesubsidieerd onderwijs;"""2025-03-13T16:38:12.926628Z""";"""2025-03-20T08:50:48.146112Z""";1A;192;191;1;0;0
112144;Don Boscocollege Eerste graad;Don Boscocollege Zwijnaarde;1;9052;Zwijnaarde;Grotesteenweg-Noord;113;;;;;Vrij gesubsidieerd onderwijs;"""2025-03-10T09:47:15.381096Z""";"""2025-03-20T08:50:48.146109Z""";1A;320;320;0;0;0
112169;Sint-Bavohumaniora MS;Sint-Bavohumaniora MS;1;9000;Gent;Reep;4;;;;;Vrij gesubsidieerd onderwijs;"""2025-02-25T09:44:27.155918Z""";"""2025-03-20T08:50:48.146104Z""";1A;240;240;0;0;0
115361;Sint-Janscollege eerste graad;Sint-Janscollege Campus Heiveld;2;9040;Sint-Amandsberg;Heiveldstraat;117;;;;;Vrij gesubsidieerd onderwijs;"""2025-03-17T22:16:16.987107Z""";"""2025-03-20T08:50:48.146115Z""";1A;255;255;0;0;0
115394;GO! atheneum Gentbrugge;GO! atheneum Gentbrugge;1;9050;Gentbrugge;Ooievaarsnest;3;;;;;Gemeenschapsonderwijs;"""2025-03-13T12:34:50.336888Z""";"""2025-03-20T08:50:48.146111Z""";1A;132;132;0;0;0
116749;Het Spectrum Gent;Het Spectrum Gent;6;9000;Gent;Bargiekaai;1;;;;;Officieel gesubsidieerd onderwijs;"""2025-02-28T11:10:27.786148Z""";"""2025-03-20T08:50:48.146109Z""";1A;18;11;7;0;0
116749;Het Spectrum Gent;Het Spectrum Gent;6;9000;Gent;Bargiekaai;1;;;;;Officieel gesubsidieerd onderwijs;"""2025-02-28T11:10:27.786148Z""";"""2025-03-20T08:50:48.146109Z""";1B;36;20;16;0;0
122382;Vrije Nederlandst.school Lucerna College;Vrije Nederlandst.school Lucerna College;8;9000;Gent;Ganzendries;149;;;;;Vrij gesubsidieerd onderwijs;"""2025-03-10T11:05:15.444712Z""";"""2025-03-20T08:50:48.146110Z""";1A;69;69;0;0;0
126433;BenedictusPoort campus De Deyne;BenedictusPoort campus De Deyne;3;9000;Gent;Ebergiste De Deynestraat;2A;www.benedictuspoort.be;campus.dedeyne@benedictuspoort.be;09 222 37 82;;Vrij gesubsidieerd onderwijs;"""2025-03-10T10:57:08.982218Z""";"""2025-03-20T08:50:48.146109Z""";1A;18;18;0;0;0
126433;BenedictusPoort campus De Deyne;BenedictusPoort campus De Deyne;3;9000;Gent;Ebergiste De Deynestraat;2A;www.benedictuspoort.be;campus.dedeyne@benedictuspoort.be;09 222 37 82;;Vrij gesubsidieerd onderwijs;"""2025-03-10T10:57:08.982218Z""";"""2025-03-20T08:50:48.146109Z""";1B;24;24;0;0;0
126441;BenedictusPoort campus Ledeberg;BenedictusPoort campus Ledeberg;1;9050;Ledeberg;Hundelgemsesteenweg;93;www.benedictuspoort.be;campus.ledeberg@benedictuspoort.be;09 231 23 48;;Vrij gesubsidieerd onderwijs;"""2025-03-10T10:57:08.982218Z""";"""2025-03-20T08:50:48.146109Z""";1A;18;18;0;0;0
126441;BenedictusPoort campus Ledeberg;BenedictusPoort campus Ledeberg;1;9050;Ledeberg;Hundelgemsesteenweg;93;www.benedictuspoort.be;campus.ledeberg@benedictuspoort.be;09 231 23 48;;Vrij gesubsidieerd onderwijs;"""2025-03-10T10:57:08.982218Z""";"""2025-03-20T08:50:48.146109Z""";1B;48;48;0;0;0
127531;Sint-Paulusinstituut 1;Sint-Paulus Gent (SPG);1;9000;Gent;Patijntjestraat;45;www.sintpaulusgent.be;info@sintpaulusgent.be;09 222 38 22;;Vrij gesubsidieerd onderwijs;"""2025-02-27T11:29:26.026170Z""";"""2025-03-20T08:50:48.146108Z""";1A;144;144;0;0;0
127688;Sint-Lievenscollege 1;Sint-Lievenscollege Humaniora;1;9000;Gent;Zilverenberg;1;www.sintlievenscollege.be;humaniora@sintlievenscollege.be;92251147;humaniora@sintlievenscollege.be;Vrij gesubsidieerd onderwijs;"""2025-03-14T13:52:30.518261Z""";"""2025-03-20T08:50:48.146112Z""";1A;220;220;0;0;0
127704;EDUGO campus De Toren;EDUGO campus De Toren;2;9080;Lochristi;Dorp-Oost;32;;;;;Vrij gesubsidieerd onderwijs;"""2025-02-25T09:42:07.623629Z""";"""2025-03-20T08:50:48.146102Z""";1A;60;60;0;0;0
127704;EDUGO campus De Toren;EDUGO campus De Toren;2;9080;Lochristi;Dorp-Oost;32;;;;;Vrij gesubsidieerd onderwijs;"""2025-02-25T09:42:07.623629Z""";"""2025-03-20T08:50:48.146102Z""";1B;48;48;0;0;0
127712;EDUGO campus De Brug 1;EDUGO campus De Brug ;1;9041;Oostakker;Simone Duboisstraat;15;https://brug.edugo.be ;info.brug@edugo.be ;92559113;;Vrij gesubsidieerd onderwijs;"""2025-02-28T08:56:57.999012Z""";"""2025-03-20T08:50:48.146108Z""";1A;300;0;300;0;0
127712;EDUGO campus De Brug 1;EDUGO campus De Brug ;1;9041;Oostakker;Simone Duboisstraat;15;https://brug.edugo.be ;info.brug@edugo.be ;92559113;;Vrij gesubsidieerd onderwijs;"""2025-02-28T08:56:57.999012Z""";"""2025-03-20T08:50:48.146108Z""";1B;44;0;44;0;0
127721;EDUGO campus De Brug 2;EDUGO campus De Brug ;1;9041;Oostakker;Simone Duboisstraat;15;https://brug.edugo.be;info.brug@edugo.be ;92559113;;Vrij gesubsidieerd onderwijs;"""2025-02-28T08:56:57.999015Z""";"""2025-03-20T08:50:48.146108Z""";1A;300;0;300;0;0
127894;Tectura Groenkouter;SBK;1;9040;Sint-Amandsberg;Sint-Baafskouterstraat;129;;;;;Gemeenschapsonderwijs;"""2025-03-14T11:14:50.540493Z""";"""2025-03-20T08:50:48.146112Z""";1A;22;15;7;0;0
127894;Tectura Groenkouter;SBK;1;9040;Sint-Amandsberg;Sint-Baafskouterstraat;129;;;;;Gemeenschapsonderwijs;"""2025-03-14T11:14:50.540493Z""";"""2025-03-20T08:50:48.146112Z""";1B;48;40;8;0;0
128025;DonBOSCO SINTPIETER;Don Bosco Sint-Pieters;1;9000;Gent;Koning Albertlaan;70;;;;;Vrij gesubsidieerd onderwijs;"""2025-03-11T09:28:48.120966Z""";"""2025-03-20T08:50:48.146110Z""";1A;160;160;0;0;0
137381;Freinetschool Keerpunt;Freinetschool Keerpunt;2;9000;Gent;Spitaalpoortstraat;50;;;;;Vrij gesubsidieerd onderwijs;"""2025-03-19T18:40:08.967890Z""";"""2025-03-20T08:50:48.146116Z""";1A;20;20;0;0;0
146639;Freinetmiddenschool Gent;Freinetmiddenschool Gent;1;9000;Gent;Offerlaan;1;;;92693300;;Officieel gesubsidieerd onderwijs;"""2025-03-10T15:29:54.128364Z""";"""2025-03-20T08:50:48.146110Z""";1A;132;130;2;0;0
146639;Freinetmiddenschool Gent;Freinetmiddenschool Gent;1;9000;Gent;Offerlaan;1;;;92693300;;Officieel gesubsidieerd onderwijs;"""2025-03-10T15:29:54.128364Z""";"""2025-03-20T08:50:48.146110Z""";1B;48;48;0;0;0
